# Accepted compressed sizes per (route, file, level) - the ratio guard baseline.
# route: frame = programs/lz5 CLI (4 MB blocks); block = lzbench / LZ5_compress_HC.
# Regenerate with bench/ratio-table.sh; compare with tests/test_ratio_guard.sh.
# Frozen at commit 71f51b4 (levels 1-3: dense walk, 3-candidate finder, prefetch).
# That commit's CLI output is byte-identical to the build used here, so the
# frame rows are also 71f51b4's; the block totals match the README table.
block	dickens	0	5322533
block	dickens	1	7616770
block	dickens	2	5645646
block	dickens	3	5411976
block	mozilla	0	23037105
block	mozilla	1	28176858
block	mozilla	2	26167905
block	mozilla	3	24125950
block	mr	0	4678739
block	mr	1	5796786
block	mr	2	5216923
block	mr	3	4954159
block	nci	0	5061314
block	nci	1	5502341
block	nci	2	5039359
block	nci	3	5065092
block	ooffice	0	3809697
block	ooffice	1	4978571
block	ooffice	2	4659449
block	ooffice	3	4178176
block	osdb	0	4528860
block	osdb	1	5293454
block	osdb	2	4521676
block	osdb	3	4409507
block	reymont	0	2927374
block	reymont	1	3432845
block	reymont	2	2933218
block	reymont	3	2880721
block	samba	0	6759007
block	samba	1	8475689
block	samba	2	7354476
block	samba	3	6946595
block	sao	0	6140252
block	sao	1	6970857
block	sao	2	6615125
block	sao	3	6395459
block	webster	0	17334966
block	webster	1	23365911
block	webster	2	18715461
block	webster	3	17822166
block	xml	0	1041021
block	xml	1	1205333
block	xml	2	1092570
block	xml	3	1043366
block	x-ray	0	7577555
block	x-ray	1	8499964
block	x-ray	2	8377480
block	x-ray	3	7894816
frame	dickens	0	5346401
frame	dickens	1	7627424
frame	dickens	2	5779011
frame	dickens	3	5473873
frame	mozilla	0	23131242
frame	mozilla	1	28204280
frame	mozilla	2	26352580
frame	mozilla	3	24223992
frame	mr	0	4702095
frame	mr	1	5802461
frame	mr	2	5272664
frame	mr	3	4970045
frame	nci	0	5099649
frame	nci	1	5540409
frame	nci	2	5156843
frame	nci	3	5162928
frame	ooffice	0	3817218
frame	ooffice	1	4978535
frame	ooffice	2	4675830
frame	ooffice	3	4186668
frame	osdb	0	4531346
frame	osdb	1	5308319
frame	osdb	2	4552143
frame	osdb	3	4432721
frame	reymont	0	2930824
frame	reymont	1	3439649
frame	reymont	2	2969397
frame	reymont	3	2894611
frame	samba	0	6814503
frame	samba	1	8498216
frame	samba	2	7505818
frame	samba	3	7024977
frame	sao	0	6144225
frame	sao	1	6972203
frame	sao	2	6623693
frame	sao	3	6398967
frame	webster	0	17493176
frame	webster	1	23400870
frame	webster	2	19252735
frame	webster	3	18102133
frame	xml	0	1040344
frame	xml	1	1206599
frame	xml	2	1098324
frame	xml	3	1046092
frame	x-ray	0	7603392
frame	x-ray	1	8474267
frame	x-ray	2	8390616
frame	x-ray	3	7895620
