level,orig,csize_1.5.0,csize_lz5-ex,enc_mbs_1.5.0,enc_mbs_lz5-ex,dec_mbs_1.5.0,dec_mbs_lz5-ex
0,211938580,88218423,88218423,204.4,212.0,608.7,867.3
1,211938580,113525877,108809515,478.9,438.8,1422.3,1417.1
2,211938580,104073879,95928768,387.1,271.5,1270.9,1097.0
3,211938580,95574729,90306415,292.5,175.6,1122.6,847.8
4,211938580,86505387,84353607,159.4,152.7,888.3,912.2
5,211938580,84455921,82568425,113.7,113.5,717.4,874.9
6,211938580,80576517,78524092,40.6,42.7,880.9,902.3
7,211938580,78856564,76941338,37.3,37.3,826.0,881.5
8,211938580,77999308,76188482,33.7,35.4,760.8,864.8
9,211938580,74233427,72730525,21.9,23.0,733.7,892.4
10,211938580,72273640,70898501,16.5,17.9,711.0,915.6
11,211938580,71067136,70334578,12.5,11.9,699.9,836.3
12,211938580,69498052,69498052,9.4,10.1,699.8,839.4
13,211938580,68066924,68066924,5.3,5.6,670.6,895.3
14,211938580,65938065,65938065,3.7,3.9,639.3,959.5
15,211938580,65595195,65595195,1.8,1.8,628.3,939.3
