Compressor name,Compression speed,Decompression speed,Original size,Compressed size,Ratio,Filename
lz5-ex 1.5.1 -0,217.36,917.20,6627202,2927374,44.17,/mnt/IA_LAB/agentes/FLZMA2/silesia/reymont
lz5-ex 1.5.1 -1,367.74,1251.86,6627202,3830898,57.81,/mnt/IA_LAB/agentes/FLZMA2/silesia/reymont
lz5-ex 1.5.1 -2,301.34,1320.72,6627202,3241843,48.92,/mnt/IA_LAB/agentes/FLZMA2/silesia/reymont
lz5-ex 1.5.1 -3,240.20,1138.10,6627202,2896377,43.70,/mnt/IA_LAB/agentes/FLZMA2/silesia/reymont
lz5-ex 1.5.1 -4,133.27,1044.60,6627202,2771989,41.83,/mnt/IA_LAB/agentes/FLZMA2/silesia/reymont
lz5-ex 1.5.1 -5,119.93,1007.90,6627202,2745308,41.42,/mnt/IA_LAB/agentes/FLZMA2/silesia/reymont
lz5-ex 1.5.1 -6,42.00,1135.92,6627202,2465406,37.20,/mnt/IA_LAB/agentes/FLZMA2/silesia/reymont
lz5-ex 1.5.1 -7,40.22,1121.04,6627202,2446758,36.92,/mnt/IA_LAB/agentes/FLZMA2/silesia/reymont
lz5-ex 1.5.1 -8,37.89,1126.92,6627202,2443210,36.87,/mnt/IA_LAB/agentes/FLZMA2/silesia/reymont
lz5-ex 1.5.1 -9,23.60,1105.14,6627202,2277062,34.36,/mnt/IA_LAB/agentes/FLZMA2/silesia/reymont
lz5-ex 1.5.1 -10,16.71,1077.11,6627202,2167584,32.71,/mnt/IA_LAB/agentes/FLZMA2/silesia/reymont
lz5-ex 1.5.1 -11,10.41,1012.34,6627202,2178661,32.87,/mnt/IA_LAB/agentes/FLZMA2/silesia/reymont
lz5-ex 1.5.1 -12,8.59,1016.35,6627202,2122257,32.02,/mnt/IA_LAB/agentes/FLZMA2/silesia/reymont
lz5-ex 1.5.1 -13,4.67,1052.05,6627202,2006438,30.28,/mnt/IA_LAB/agentes/FLZMA2/silesia/reymont
lz5-ex 1.5.1 -14,2.63,1279.15,6627202,1797074,27.12,/mnt/IA_LAB/agentes/FLZMA2/silesia/reymont
lz5-ex 1.5.1 -15,2.14,1266.85,6627202,1795596,27.09,/mnt/IA_LAB/agentes/FLZMA2/silesia/reymont
lz4 1.10.0,349.00,2824.30,6627202,3181387,48.00,/mnt/IA_LAB/agentes/FLZMA2/silesia/reymont
lz4hc 1.10.0 -9,13.07,3441.23,6627202,2111095,31.85,/mnt/IA_LAB/agentes/FLZMA2/silesia/reymont
zstd 1.5.7 -1,241.34,993.86,6627202,2149170,32.43,/mnt/IA_LAB/agentes/FLZMA2/silesia/reymont
zstd 1.5.7 -3,136.15,751.96,6627202,1937973,29.24,/mnt/IA_LAB/agentes/FLZMA2/silesia/reymont
zstd 1.5.7 -9,38.66,892.28,6627202,1670539,25.21,/mnt/IA_LAB/agentes/FLZMA2/silesia/reymont
zstd 1.5.7 -19,2.19,901.09,6627202,1348458,20.35,/mnt/IA_LAB/agentes/FLZMA2/silesia/reymont
brotli 1.2.0 -5,23.57,450.92,6627202,1711720,25.83,/mnt/IA_LAB/agentes/FLZMA2/silesia/reymont
brotli 1.2.0 -11,0.54,530.36,6627202,1335692,20.15,/mnt/IA_LAB/agentes/FLZMA2/silesia/reymont
xz 5.8.4 -6,2.17,146.07,6627202,1317152,19.87,/mnt/IA_LAB/agentes/FLZMA2/silesia/reymont
xz 5.8.4 -9,1.96,143.14,6627202,1317152,19.87,/mnt/IA_LAB/agentes/FLZMA2/silesia/reymont
bzip2 1.0.8 -9,12.38,29.27,6627202,1246230,18.80,/mnt/IA_LAB/agentes/FLZMA2/silesia/reymont
zlib 1.3.2 -9,5.00,317.82,6627202,1823196,27.51,/mnt/IA_LAB/agentes/FLZMA2/silesia/reymont
lizard 2.1 -20,260.85,1350.16,6627202,3036942,45.83,/mnt/IA_LAB/agentes/FLZMA2/silesia/reymont
lz5-ex 1.5.1 -0,647.24,2016.82,33553445,5061314,15.08,/mnt/IA_LAB/agentes/FLZMA2/silesia/nci
lz5-ex 1.5.1 -1,724.00,2280.12,33553445,5450097,16.24,/mnt/IA_LAB/agentes/FLZMA2/silesia/nci
lz5-ex 1.5.1 -2,695.91,2327.79,33553445,5028803,14.99,/mnt/IA_LAB/agentes/FLZMA2/silesia/nci
lz5-ex 1.5.1 -3,608.97,2191.59,33553445,5058189,15.08,/mnt/IA_LAB/agentes/FLZMA2/silesia/nci
lz5-ex 1.5.1 -4,341.48,2222.35,33553445,4495297,13.40,/mnt/IA_LAB/agentes/FLZMA2/silesia/nci
lz5-ex 1.5.1 -5,320.45,2268.67,33553445,4434423,13.22,/mnt/IA_LAB/agentes/FLZMA2/silesia/nci
lz5-ex 1.5.1 -6,70.86,2270.08,33553445,4094746,12.20,/mnt/IA_LAB/agentes/FLZMA2/silesia/nci
lz5-ex 1.5.1 -7,69.69,2282.18,33553445,4055105,12.09,/mnt/IA_LAB/agentes/FLZMA2/silesia/nci
lz5-ex 1.5.1 -8,70.47,2356.36,33553445,4046667,12.06,/mnt/IA_LAB/agentes/FLZMA2/silesia/nci
lz5-ex 1.5.1 -9,49.82,2532.58,33553445,3614140,10.77,/mnt/IA_LAB/agentes/FLZMA2/silesia/nci
lz5-ex 1.5.1 -10,38.69,2949.07,33553445,3299697,9.83,/mnt/IA_LAB/agentes/FLZMA2/silesia/nci
lz5-ex 1.5.1 -11,43.92,2621.95,33553445,3512041,10.47,/mnt/IA_LAB/agentes/FLZMA2/silesia/nci
lz5-ex 1.5.1 -12,22.58,2810.37,33553445,3137528,9.35,/mnt/IA_LAB/agentes/FLZMA2/silesia/nci
lz5-ex 1.5.1 -13,13.00,3246.99,33553445,2959739,8.82,/mnt/IA_LAB/agentes/FLZMA2/silesia/nci
lz5-ex 1.5.1 -14,9.49,3741.25,33553445,2802083,8.35,/mnt/IA_LAB/agentes/FLZMA2/silesia/nci
lz5-ex 1.5.1 -15,2.01,3967.84,33553445,2434947,7.26,/mnt/IA_LAB/agentes/FLZMA2/silesia/nci
lz4 1.10.0,949.61,5050.49,33553445,5533040,16.49,/mnt/IA_LAB/agentes/FLZMA2/silesia/nci
lz4hc 1.10.0 -9,35.09,6125.23,33553445,3673771,10.95,/mnt/IA_LAB/agentes/FLZMA2/silesia/nci
zstd 1.5.7 -1,662.79,1813.02,33553445,2848578,8.49,/mnt/IA_LAB/agentes/FLZMA2/silesia/nci
zstd 1.5.7 -3,476.95,1684.47,33553445,2833843,8.45,/mnt/IA_LAB/agentes/FLZMA2/silesia/nci
zstd 1.5.7 -9,96.49,2306.57,33553445,2246701,6.70,/mnt/IA_LAB/agentes/FLZMA2/silesia/nci
zstd 1.5.7 -19,1.85,2758.60,33553445,1664984,4.96,/mnt/IA_LAB/agentes/FLZMA2/silesia/nci
brotli 1.2.0 -5,66.64,1213.37,33553445,2234365,6.66,/mnt/IA_LAB/agentes/FLZMA2/silesia/nci
brotli 1.2.0 -11,0.52,1210.77,33553445,1616005,4.82,/mnt/IA_LAB/agentes/FLZMA2/silesia/nci
xz 5.8.4 -6,3.92,398.96,33553445,1797056,5.36,/mnt/IA_LAB/agentes/FLZMA2/silesia/nci
xz 5.8.4 -9,4.00,406.62,33553445,1738884,5.18,/mnt/IA_LAB/agentes/FLZMA2/silesia/nci
bzip2 1.0.8 -9,6.68,39.26,33553445,1812734,5.40,/mnt/IA_LAB/agentes/FLZMA2/silesia/nci
zlib 1.3.2 -9,14.40,766.51,33553445,2988001,8.91,/mnt/IA_LAB/agentes/FLZMA2/silesia/nci
lizard 2.1 -20,610.41,2417.74,33553445,5201394,15.50,/mnt/IA_LAB/agentes/FLZMA2/silesia/nci
lz5-ex 1.5.1 -0,317.37,1453.18,21606400,6759007,31.28,/mnt/IA_LAB/agentes/FLZMA2/silesia/samba
lz5-ex 1.5.1 -1,604.36,1832.55,21606400,9137193,42.29,/mnt/IA_LAB/agentes/FLZMA2/silesia/samba
lz5-ex 1.5.1 -2,501.05,1738.26,21606400,7852045,36.34,/mnt/IA_LAB/agentes/FLZMA2/silesia/samba
lz5-ex 1.5.1 -3,420.53,1599.37,21606400,7138693,33.04,/mnt/IA_LAB/agentes/FLZMA2/silesia/samba
lz5-ex 1.5.1 -4,218.00,1563.78,21606400,6551211,30.32,/mnt/IA_LAB/agentes/FLZMA2/silesia/samba
lz5-ex 1.5.1 -5,158.35,1444.13,21606400,6288185,29.10,/mnt/IA_LAB/agentes/FLZMA2/silesia/samba
lz5-ex 1.5.1 -6,57.15,1667.67,21606400,5790136,26.80,/mnt/IA_LAB/agentes/FLZMA2/silesia/samba
lz5-ex 1.5.1 -7,50.47,1609.30,21606400,5674048,26.26,/mnt/IA_LAB/agentes/FLZMA2/silesia/samba
lz5-ex 1.5.1 -8,40.32,1679.67,21606400,5613791,25.98,/mnt/IA_LAB/agentes/FLZMA2/silesia/samba
lz5-ex 1.5.1 -9,30.52,1725.27,21606400,5409828,25.04,/mnt/IA_LAB/agentes/FLZMA2/silesia/samba
lz5-ex 1.5.1 -10,24.91,1778.14,21606400,5295651,24.51,/mnt/IA_LAB/agentes/FLZMA2/silesia/samba
lz5-ex 1.5.1 -11,19.67,1652.90,21606400,5328100,24.66,/mnt/IA_LAB/agentes/FLZMA2/silesia/samba
lz5-ex 1.5.1 -12,12.66,1462.18,21606400,5150323,23.84,/mnt/IA_LAB/agentes/FLZMA2/silesia/samba
lz5-ex 1.5.1 -13,7.45,1763.85,21606400,5041153,23.33,/mnt/IA_LAB/agentes/FLZMA2/silesia/samba
lz5-ex 1.5.1 -14,5.41,1727.67,21606400,4943684,22.88,/mnt/IA_LAB/agentes/FLZMA2/silesia/samba
lz5-ex 1.5.1 -15,1.20,1610.75,21606400,4846589,22.43,/mnt/IA_LAB/agentes/FLZMA2/silesia/samba
lz4 1.10.0,529.94,3575.10,21606400,7716839,35.72,/mnt/IA_LAB/agentes/FLZMA2/silesia/samba
lz4hc 1.10.0 -9,37.89,4312.01,21606400,6139489,28.42,/mnt/IA_LAB/agentes/FLZMA2/silesia/samba
zstd 1.5.7 -1,414.45,1499.89,21606400,5487600,25.40,/mnt/IA_LAB/agentes/FLZMA2/silesia/samba
zstd 1.5.7 -3,228.14,1287.48,21606400,4955117,22.93,/mnt/IA_LAB/agentes/FLZMA2/silesia/samba
zstd 1.5.7 -9,68.80,1435.99,21606400,4350213,20.13,/mnt/IA_LAB/agentes/FLZMA2/silesia/samba
zstd 1.5.7 -19,2.53,990.64,21606400,3897788,18.04,/mnt/IA_LAB/agentes/FLZMA2/silesia/samba
brotli 1.2.0 -5,35.37,475.06,21606400,4461158,20.65,/mnt/IA_LAB/agentes/FLZMA2/silesia/samba
brotli 1.2.0 -11,0.54,426.23,21606400,3821805,17.69,/mnt/IA_LAB/agentes/FLZMA2/silesia/samba
xz 5.8.4 -6,3.21,147.41,21606400,3787400,17.53,/mnt/IA_LAB/agentes/FLZMA2/silesia/samba
xz 5.8.4 -9,3.38,144.20,21606400,3763616,17.42,/mnt/IA_LAB/agentes/FLZMA2/silesia/samba
bzip2 1.0.8 -9,12.73,37.89,21606400,4549759,21.06,/mnt/IA_LAB/agentes/FLZMA2/silesia/samba
zlib 1.3.2 -9,16.99,401.64,21606400,5402710,25.01,/mnt/IA_LAB/agentes/FLZMA2/silesia/samba
lizard 2.1 -20,381.20,1965.82,21606400,7347916,34.01,/mnt/IA_LAB/agentes/FLZMA2/silesia/samba
lz5-ex 1.5.1 -0,177.16,682.20,41458703,17334966,41.81,/mnt/IA_LAB/agentes/FLZMA2/silesia/webster
lz5-ex 1.5.1 -1,424.64,1264.22,41458703,24849981,59.94,/mnt/IA_LAB/agentes/FLZMA2/silesia/webster
lz5-ex 1.5.1 -2,320.69,1189.31,41458703,21440430,51.72,/mnt/IA_LAB/agentes/FLZMA2/silesia/webster
lz5-ex 1.5.1 -3,251.78,1001.17,41458703,19059026,45.97,/mnt/IA_LAB/agentes/FLZMA2/silesia/webster
lz5-ex 1.5.1 -4,135.99,993.40,41458703,17071858,41.18,/mnt/IA_LAB/agentes/FLZMA2/silesia/webster
lz5-ex 1.5.1 -5,109.76,810.52,41458703,16395340,39.55,/mnt/IA_LAB/agentes/FLZMA2/silesia/webster
lz5-ex 1.5.1 -6,41.39,914.24,41458703,14862116,35.85,/mnt/IA_LAB/agentes/FLZMA2/silesia/webster
lz5-ex 1.5.1 -7,39.35,888.38,41458703,14517397,35.02,/mnt/IA_LAB/agentes/FLZMA2/silesia/webster
lz5-ex 1.5.1 -8,34.76,903.05,41458703,14418594,34.78,/mnt/IA_LAB/agentes/FLZMA2/silesia/webster
lz5-ex 1.5.1 -9,25.39,906.94,41458703,13395935,32.31,/mnt/IA_LAB/agentes/FLZMA2/silesia/webster
lz5-ex 1.5.1 -10,17.28,893.98,41458703,12816950,30.91,/mnt/IA_LAB/agentes/FLZMA2/silesia/webster
lz5-ex 1.5.1 -11,11.76,829.64,41458703,12965706,31.27,/mnt/IA_LAB/agentes/FLZMA2/silesia/webster
lz5-ex 1.5.1 -12,8.41,866.01,41458703,12576418,30.33,/mnt/IA_LAB/agentes/FLZMA2/silesia/webster
lz5-ex 1.5.1 -13,4.54,881.40,41458703,12007165,28.96,/mnt/IA_LAB/agentes/FLZMA2/silesia/webster
lz5-ex 1.5.1 -14,2.84,937.83,41458703,11203758,27.02,/mnt/IA_LAB/agentes/FLZMA2/silesia/webster
lz5-ex 1.5.1 -15,2.44,894.55,41458703,11193269,27.00,/mnt/IA_LAB/agentes/FLZMA2/silesia/webster
lz4 1.10.0,396.72,2996.18,41458703,20139988,48.58,/mnt/IA_LAB/agentes/FLZMA2/silesia/webster
lz4hc 1.10.0 -9,24.37,2781.97,41458703,14001448,33.77,/mnt/IA_LAB/agentes/FLZMA2/silesia/webster
zstd 1.5.7 -1,264.32,1035.44,41458703,13661986,32.95,/mnt/IA_LAB/agentes/FLZMA2/silesia/webster
zstd 1.5.7 -3,130.06,497.40,41458703,12096850,29.18,/mnt/IA_LAB/agentes/FLZMA2/silesia/webster
zstd 1.5.7 -9,40.11,531.75,41458703,10258407,24.74,/mnt/IA_LAB/agentes/FLZMA2/silesia/webster
zstd 1.5.7 -19,2.17,547.82,41458703,8679359,20.93,/mnt/IA_LAB/agentes/FLZMA2/silesia/webster
brotli 1.2.0 -5,29.28,423.27,41458703,10600177,25.57,/mnt/IA_LAB/agentes/FLZMA2/silesia/webster
brotli 1.2.0 -11,0.52,410.00,41458703,8788887,21.20,/mnt/IA_LAB/agentes/FLZMA2/silesia/webster
xz 5.8.4 -6,1.77,136.12,41458703,8712292,21.01,/mnt/IA_LAB/agentes/FLZMA2/silesia/webster
xz 5.8.4 -9,1.53,139.29,41458703,8385868,20.23,/mnt/IA_LAB/agentes/FLZMA2/silesia/webster
bzip2 1.0.8 -9,11.06,29.52,41458703,8644714,20.85,/mnt/IA_LAB/agentes/FLZMA2/silesia/webster
zlib 1.3.2 -9,13.82,302.27,41458703,12073475,29.12,/mnt/IA_LAB/agentes/FLZMA2/silesia/webster
lizard 2.1 -20,232.28,1364.10,41458703,18728583,45.17,/mnt/IA_LAB/agentes/FLZMA2/silesia/webster
lz5-ex 1.5.1 -0,172.89,1129.41,9970564,4678739,46.93,/mnt/IA_LAB/agentes/FLZMA2/silesia/mr
lz5-ex 1.5.1 -1,592.49,2594.74,9970564,5903380,59.21,/mnt/IA_LAB/agentes/FLZMA2/silesia/mr
lz5-ex 1.5.1 -2,414.94,2538.83,9970564,5702396,57.19,/mnt/IA_LAB/agentes/FLZMA2/silesia/mr
lz5-ex 1.5.1 -3,329.62,2071.89,9970564,5358192,53.74,/mnt/IA_LAB/agentes/FLZMA2/silesia/mr
lz5-ex 1.5.1 -4,139.20,1192.82,9970564,4761946,47.76,/mnt/IA_LAB/agentes/FLZMA2/silesia/mr
lz5-ex 1.5.1 -5,106.92,1179.46,9970564,4636222,46.50,/mnt/IA_LAB/agentes/FLZMA2/silesia/mr
lz5-ex 1.5.1 -6,33.40,1362.29,9970564,4496813,45.10,/mnt/IA_LAB/agentes/FLZMA2/silesia/mr
lz5-ex 1.5.1 -7,35.51,1398.43,9970564,4430822,44.44,/mnt/IA_LAB/agentes/FLZMA2/silesia/mr
lz5-ex 1.5.1 -8,33.59,1437.15,9970564,4405069,44.18,/mnt/IA_LAB/agentes/FLZMA2/silesia/mr
lz5-ex 1.5.1 -9,25.78,1465.75,9970564,4242173,42.55,/mnt/IA_LAB/agentes/FLZMA2/silesia/mr
lz5-ex 1.5.1 -10,18.56,1460.28,9970564,4133096,41.45,/mnt/IA_LAB/agentes/FLZMA2/silesia/mr
lz5-ex 1.5.1 -11,12.01,1262.73,9970564,4079719,40.92,/mnt/IA_LAB/agentes/FLZMA2/silesia/mr
lz5-ex 1.5.1 -12,9.40,1259.84,9970564,4023860,40.36,/mnt/IA_LAB/agentes/FLZMA2/silesia/mr
lz5-ex 1.5.1 -13,7.73,1386.13,9970564,3917923,39.29,/mnt/IA_LAB/agentes/FLZMA2/silesia/mr
lz5-ex 1.5.1 -14,4.71,1387.86,9970564,3789048,38.00,/mnt/IA_LAB/agentes/FLZMA2/silesia/mr
lz5-ex 1.5.1 -15,0.92,1392.85,9970564,3780437,37.92,/mnt/IA_LAB/agentes/FLZMA2/silesia/mr
lz4 1.10.0,554.46,3881.35,9970564,5440937,54.57,/mnt/IA_LAB/agentes/FLZMA2/silesia/mr
lz4hc 1.10.0 -9,17.03,3513.81,9970564,4245211,42.58,/mnt/IA_LAB/agentes/FLZMA2/silesia/mr
zstd 1.5.7 -1,313.96,1238.91,9970564,3813409,38.25,/mnt/IA_LAB/agentes/FLZMA2/silesia/mr
zstd 1.5.7 -3,127.15,811.44,9970564,3547526,35.58,/mnt/IA_LAB/agentes/FLZMA2/silesia/mr
zstd 1.5.7 -9,42.99,761.09,9970564,3316438,33.26,/mnt/IA_LAB/agentes/FLZMA2/silesia/mr
zstd 1.5.7 -19,3.57,752.74,9970564,3107144,31.16,/mnt/IA_LAB/agentes/FLZMA2/silesia/mr
brotli 1.2.0 -5,26.12,346.68,9970564,3256758,32.66,/mnt/IA_LAB/agentes/FLZMA2/silesia/mr
brotli 1.2.0 -11,0.45,280.88,9970564,2825617,28.34,/mnt/IA_LAB/agentes/FLZMA2/silesia/mr
xz 5.8.4 -6,2.98,78.25,9970564,2750228,27.58,/mnt/IA_LAB/agentes/FLZMA2/silesia/mr
xz 5.8.4 -9,2.34,75.25,9970564,2750272,27.58,/mnt/IA_LAB/agentes/FLZMA2/silesia/mr
bzip2 1.0.8 -9,15.98,34.07,9970564,2441280,24.48,/mnt/IA_LAB/agentes/FLZMA2/silesia/mr
zlib 1.3.2 -9,5.68,268.76,9970564,3660794,36.72,/mnt/IA_LAB/agentes/FLZMA2/silesia/mr
lizard 2.1 -20,241.95,1569.61,9970564,5990992,60.09,/mnt/IA_LAB/agentes/FLZMA2/silesia/mr
lz5-ex 1.5.1 -0,125.49,891.44,8474240,7577555,89.42,/mnt/IA_LAB/agentes/FLZMA2/silesia/x-ray
lz5-ex 1.5.1 -1,2480.14,12702.91,8474240,8500605,100.31,/mnt/IA_LAB/agentes/FLZMA2/silesia/x-ray
lz5-ex 1.5.1 -2,2073.42,12583.47,8474240,8495174,100.25,/mnt/IA_LAB/agentes/FLZMA2/silesia/x-ray
lz5-ex 1.5.1 -3,1074.25,10504.08,8474240,8461847,99.85,/mnt/IA_LAB/agentes/FLZMA2/silesia/x-ray
lz5-ex 1.5.1 -4,106.72,847.56,8474240,7668366,90.49,/mnt/IA_LAB/agentes/FLZMA2/silesia/x-ray
lz5-ex 1.5.1 -5,65.57,756.56,8474240,7246306,85.51,/mnt/IA_LAB/agentes/FLZMA2/silesia/x-ray
lz5-ex 1.5.1 -6,36.54,777.98,8474240,7216862,85.16,/mnt/IA_LAB/agentes/FLZMA2/silesia/x-ray
lz5-ex 1.5.1 -7,31.13,687.41,8474240,6976531,82.33,/mnt/IA_LAB/agentes/FLZMA2/silesia/x-ray
lz5-ex 1.5.1 -8,25.98,753.51,8474240,6754451,79.71,/mnt/IA_LAB/agentes/FLZMA2/silesia/x-ray
lz5-ex 1.5.1 -9,10.26,824.79,8474240,6543993,77.22,/mnt/IA_LAB/agentes/FLZMA2/silesia/x-ray
lz5-ex 1.5.1 -10,5.68,772.59,8474240,6492650,76.62,/mnt/IA_LAB/agentes/FLZMA2/silesia/x-ray
lz5-ex 1.5.1 -11,4.46,713.30,8474240,6371908,75.19,/mnt/IA_LAB/agentes/FLZMA2/silesia/x-ray
lz5-ex 1.5.1 -12,3.48,710.47,8474240,6349001,74.92,/mnt/IA_LAB/agentes/FLZMA2/silesia/x-ray
lz5-ex 1.5.1 -13,3.58,820.76,8474240,6409327,75.63,/mnt/IA_LAB/agentes/FLZMA2/silesia/x-ray
lz5-ex 1.5.1 -14,3.60,780.54,8474240,6394780,75.46,/mnt/IA_LAB/agentes/FLZMA2/silesia/x-ray
lz5-ex 1.5.1 -15,2.37,782.70,8474240,6394770,75.46,/mnt/IA_LAB/agentes/FLZMA2/silesia/x-ray
lz4 1.10.0,1166.80,9489.09,8474240,8390195,99.01,/mnt/IA_LAB/agentes/FLZMA2/silesia/x-ray
lz4hc 1.10.0 -9,32.72,2603.98,8474240,7175001,84.67,/mnt/IA_LAB/agentes/FLZMA2/silesia/x-ray
zstd 1.5.7 -1,576.12,1105.88,8474240,6772118,79.91,/mnt/IA_LAB/agentes/FLZMA2/silesia/x-ray
zstd 1.5.7 -3,82.62,693.01,8474240,6085208,71.81,/mnt/IA_LAB/agentes/FLZMA2/silesia/x-ray
zstd 1.5.7 -9,38.97,457.75,8474240,5361356,63.27,/mnt/IA_LAB/agentes/FLZMA2/silesia/x-ray
zstd 1.5.7 -19,4.04,431.18,8474240,5129823,60.53,/mnt/IA_LAB/agentes/FLZMA2/silesia/x-ray
brotli 1.2.0 -5,24.02,187.93,8474240,5503290,64.94,/mnt/IA_LAB/agentes/FLZMA2/silesia/x-ray
brotli 1.2.0 -11,0.35,117.62,8474240,4686258,55.30,/mnt/IA_LAB/agentes/FLZMA2/silesia/x-ray
xz 5.8.4 -6,2.56,34.91,8474240,4489912,52.98,/mnt/IA_LAB/agentes/FLZMA2/silesia/x-ray
xz 5.8.4 -9,2.54,35.74,8474240,4489868,52.98,/mnt/IA_LAB/agentes/FLZMA2/silesia/x-ray
bzip2 1.0.8 -9,11.78,24.29,8474240,4051112,47.81,/mnt/IA_LAB/agentes/FLZMA2/silesia/x-ray
zlib 1.3.2 -9,23.44,181.70,8474240,6045038,71.33,/mnt/IA_LAB/agentes/FLZMA2/silesia/x-ray
lizard 2.1 -20,340.48,4386.87,8474240,8219584,96.99,/mnt/IA_LAB/agentes/FLZMA2/silesia/x-ray
lz5-ex 1.5.1 -0,535.05,1660.80,5345280,1041021,19.48,/mnt/IA_LAB/agentes/FLZMA2/silesia/xml
lz5-ex 1.5.1 -1,760.30,2185.82,5345280,1243884,23.27,/mnt/IA_LAB/agentes/FLZMA2/silesia/xml
lz5-ex 1.5.1 -2,670.71,2150.27,5345280,1115832,20.88,/mnt/IA_LAB/agentes/FLZMA2/silesia/xml
lz5-ex 1.5.1 -3,615.99,1992.63,5345280,1039953,19.46,/mnt/IA_LAB/agentes/FLZMA2/silesia/xml
lz5-ex 1.5.1 -4,353.89,2172.24,5345280,885697,16.57,/mnt/IA_LAB/agentes/FLZMA2/silesia/xml
lz5-ex 1.5.1 -5,321.22,2163.57,5345280,852233,15.94,/mnt/IA_LAB/agentes/FLZMA2/silesia/xml
lz5-ex 1.5.1 -6,82.81,2006.97,5345280,857469,16.04,/mnt/IA_LAB/agentes/FLZMA2/silesia/xml
lz5-ex 1.5.1 -7,80.76,2023.82,5345280,844473,15.80,/mnt/IA_LAB/agentes/FLZMA2/silesia/xml
lz5-ex 1.5.1 -8,77.42,2024.70,5345280,841197,15.74,/mnt/IA_LAB/agentes/FLZMA2/silesia/xml
lz5-ex 1.5.1 -9,42.03,2356.84,5345280,718099,13.43,/mnt/IA_LAB/agentes/FLZMA2/silesia/xml
lz5-ex 1.5.1 -10,35.11,2567.63,5345280,670803,12.55,/mnt/IA_LAB/agentes/FLZMA2/silesia/xml
lz5-ex 1.5.1 -11,29.97,2182.83,5345280,742017,13.88,/mnt/IA_LAB/agentes/FLZMA2/silesia/xml
lz5-ex 1.5.1 -12,21.51,2311.67,5345280,692081,12.95,/mnt/IA_LAB/agentes/FLZMA2/silesia/xml
lz5-ex 1.5.1 -13,12.39,2604.57,5345280,647123,12.11,/mnt/IA_LAB/agentes/FLZMA2/silesia/xml
lz5-ex 1.5.1 -14,11.15,2780.29,5345280,624695,11.69,/mnt/IA_LAB/agentes/FLZMA2/silesia/xml
lz5-ex 1.5.1 -15,2.49,2835.10,5345280,600135,11.23,/mnt/IA_LAB/agentes/FLZMA2/silesia/xml
lz4 1.10.0,788.21,4085.84,5345280,1227495,22.96,/mnt/IA_LAB/agentes/FLZMA2/silesia/xml
lz4hc 1.10.0 -9,53.76,5528.56,5345280,770055,14.41,/mnt/IA_LAB/agentes/FLZMA2/silesia/xml
zstd 1.5.7 -1,597.18,1865.14,5345280,693317,12.97,/mnt/IA_LAB/agentes/FLZMA2/silesia/xml
zstd 1.5.7 -3,398.32,1739.60,5345280,635299,11.89,/mnt/IA_LAB/agentes/FLZMA2/silesia/xml
zstd 1.5.7 -9,94.13,2233.35,5345280,516930,9.67,/mnt/IA_LAB/agentes/FLZMA2/silesia/xml
zstd 1.5.7 -19,2.96,2333.29,5345280,452941,8.47,/mnt/IA_LAB/agentes/FLZMA2/silesia/xml
brotli 1.2.0 -5,62.72,1033.81,5345280,520795,9.74,/mnt/IA_LAB/agentes/FLZMA2/silesia/xml
brotli 1.2.0 -11,0.74,1093.44,5345280,430369,8.05,/mnt/IA_LAB/agentes/FLZMA2/silesia/xml
xz 5.8.4 -6,5.55,309.99,5345280,453260,8.48,/mnt/IA_LAB/agentes/FLZMA2/silesia/xml
xz 5.8.4 -9,5.24,298.55,5345280,453260,8.48,/mnt/IA_LAB/agentes/FLZMA2/silesia/xml
bzip2 1.0.8 -9,9.24,47.02,5345280,441186,8.25,/mnt/IA_LAB/agentes/FLZMA2/silesia/xml
zlib 1.3.2 -9,28.07,644.73,5345280,658905,12.33,/mnt/IA_LAB/agentes/FLZMA2/silesia/xml
lizard 2.1 -20,584.43,2122.15,5345280,1094654,20.48,/mnt/IA_LAB/agentes/FLZMA2/silesia/xml
lz5-ex 1.5.1 -0,156.58,1503.76,7251944,6140252,84.67,/mnt/IA_LAB/agentes/FLZMA2/silesia/sao
lz5-ex 1.5.1 -1,1070.53,6532.56,7251944,7052040,97.24,/mnt/IA_LAB/agentes/FLZMA2/silesia/sao
lz5-ex 1.5.1 -2,488.91,4838.96,7251944,6935467,95.64,/mnt/IA_LAB/agentes/FLZMA2/silesia/sao
lz5-ex 1.5.1 -3,335.33,2823.82,7251944,6651522,91.72,/mnt/IA_LAB/agentes/FLZMA2/silesia/sao
lz5-ex 1.5.1 -4,118.70,1056.91,7251944,6212025,85.66,/mnt/IA_LAB/agentes/FLZMA2/silesia/sao
lz5-ex 1.5.1 -5,81.24,1132.57,7251944,6086578,83.93,/mnt/IA_LAB/agentes/FLZMA2/silesia/sao
lz5-ex 1.5.1 -6,44.72,1151.28,7251944,5954514,82.11,/mnt/IA_LAB/agentes/FLZMA2/silesia/sao
lz5-ex 1.5.1 -7,38.55,1187.18,7251944,5900735,81.37,/mnt/IA_LAB/agentes/FLZMA2/silesia/sao
lz5-ex 1.5.1 -8,35.17,1164.36,7251944,5882445,81.12,/mnt/IA_LAB/agentes/FLZMA2/silesia/sao
lz5-ex 1.5.1 -9,18.84,1148.39,7251944,5765271,79.50,/mnt/IA_LAB/agentes/FLZMA2/silesia/sao
lz5-ex 1.5.1 -10,14.92,1125.75,7251944,5730642,79.02,/mnt/IA_LAB/agentes/FLZMA2/silesia/sao
lz5-ex 1.5.1 -11,10.22,1011.69,7251944,5693729,78.51,/mnt/IA_LAB/agentes/FLZMA2/silesia/sao
lz5-ex 1.5.1 -12,8.93,1025.83,7251944,5674989,78.25,/mnt/IA_LAB/agentes/FLZMA2/silesia/sao
lz5-ex 1.5.1 -13,6.85,1208.46,7251944,5723971,78.93,/mnt/IA_LAB/agentes/FLZMA2/silesia/sao
lz5-ex 1.5.1 -14,5.57,1223.25,7251944,5662689,78.09,/mnt/IA_LAB/agentes/FLZMA2/silesia/sao
lz5-ex 1.5.1 -15,3.35,1225.29,7251944,5662682,78.09,/mnt/IA_LAB/agentes/FLZMA2/silesia/sao
lz4 1.10.0,463.71,4429.38,7251944,6790273,93.63,/mnt/IA_LAB/agentes/FLZMA2/silesia/sao
lz4hc 1.10.0 -9,24.19,2763.39,7251944,5735258,79.09,/mnt/IA_LAB/agentes/FLZMA2/silesia/sao
zstd 1.5.7 -1,264.87,1036.90,7251944,6250010,86.18,/mnt/IA_LAB/agentes/FLZMA2/silesia/sao
zstd 1.5.7 -3,87.56,732.11,7251944,5527504,76.22,/mnt/IA_LAB/agentes/FLZMA2/silesia/sao
zstd 1.5.7 -9,41.41,748.65,7251944,5215722,71.92,/mnt/IA_LAB/agentes/FLZMA2/silesia/sao
zstd 1.5.7 -19,4.46,627.11,7251944,5000572,68.95,/mnt/IA_LAB/agentes/FLZMA2/silesia/sao
brotli 1.2.0 -5,22.61,202.44,7251944,5261213,72.55,/mnt/IA_LAB/agentes/FLZMA2/silesia/sao
brotli 1.2.0 -11,0.50,162.41,7251944,4590042,63.29,/mnt/IA_LAB/agentes/FLZMA2/silesia/sao
xz 5.8.4 -6,3.06,45.60,7251944,4415072,60.88,/mnt/IA_LAB/agentes/FLZMA2/silesia/sao
xz 5.8.4 -9,2.61,45.62,7251944,4415072,60.88,/mnt/IA_LAB/agentes/FLZMA2/silesia/sao
bzip2 1.0.8 -9,10.01,21.70,7251944,4940524,68.13,/mnt/IA_LAB/agentes/FLZMA2/silesia/sao
zlib 1.3.2 -9,13.45,237.57,7251944,5325920,73.44,/mnt/IA_LAB/agentes/FLZMA2/silesia/sao
lizard 2.1 -20,216.52,2123.18,7251944,6457355,89.04,/mnt/IA_LAB/agentes/FLZMA2/silesia/sao
lz5-ex 1.5.1 -0,184.77,971.78,6152192,3809697,61.92,/mnt/IA_LAB/agentes/FLZMA2/silesia/ooffice
lz5-ex 1.5.1 -1,770.25,2949.70,6152192,5082973,82.62,/mnt/IA_LAB/agentes/FLZMA2/silesia/ooffice
lz5-ex 1.5.1 -2,414.98,1946.08,6152192,4586812,74.56,/mnt/IA_LAB/agentes/FLZMA2/silesia/ooffice
lz5-ex 1.5.1 -3,327.59,1445.84,6152192,4263322,69.30,/mnt/IA_LAB/agentes/FLZMA2/silesia/ooffice
lz5-ex 1.5.1 -4,138.36,921.93,6152192,3630380,59.01,/mnt/IA_LAB/agentes/FLZMA2/silesia/ooffice
lz5-ex 1.5.1 -5,95.51,861.26,6152192,3500926,56.91,/mnt/IA_LAB/agentes/FLZMA2/silesia/ooffice
lz5-ex 1.5.1 -6,46.53,920.83,6152192,3363760,54.68,/mnt/IA_LAB/agentes/FLZMA2/silesia/ooffice
lz5-ex 1.5.1 -7,39.65,850.37,6152192,3282105,53.35,/mnt/IA_LAB/agentes/FLZMA2/silesia/ooffice
lz5-ex 1.5.1 -8,35.25,849.03,6152192,3239297,52.65,/mnt/IA_LAB/agentes/FLZMA2/silesia/ooffice
lz5-ex 1.5.1 -9,18.56,834.53,6152192,3153130,51.25,/mnt/IA_LAB/agentes/FLZMA2/silesia/ooffice
lz5-ex 1.5.1 -10,7.76,785.48,6152192,3121412,50.74,/mnt/IA_LAB/agentes/FLZMA2/silesia/ooffice
lz5-ex 1.5.1 -11,7.82,867.45,6152192,3050354,49.58,/mnt/IA_LAB/agentes/FLZMA2/silesia/ooffice
lz5-ex 1.5.1 -12,7.85,899.95,6152192,3037721,49.38,/mnt/IA_LAB/agentes/FLZMA2/silesia/ooffice
lz5-ex 1.5.1 -13,5.98,953.65,6152192,3052825,49.62,/mnt/IA_LAB/agentes/FLZMA2/silesia/ooffice
lz5-ex 1.5.1 -14,4.77,971.05,6152192,3020222,49.09,/mnt/IA_LAB/agentes/FLZMA2/silesia/ooffice
lz5-ex 1.5.1 -15,2.38,987.20,6152192,3035886,49.35,/mnt/IA_LAB/agentes/FLZMA2/silesia/ooffice
lz4 1.10.0,463.58,3281.27,6152192,4338918,70.53,/mnt/IA_LAB/agentes/FLZMA2/silesia/ooffice
lz4hc 1.10.0 -9,30.23,3073.57,6152192,3543764,57.60,/mnt/IA_LAB/agentes/FLZMA2/silesia/ooffice
zstd 1.5.7 -1,282.79,968.52,6152192,3593224,58.41,/mnt/IA_LAB/agentes/FLZMA2/silesia/ooffice
zstd 1.5.7 -3,113.32,751.47,6152192,3126146,50.81,/mnt/IA_LAB/agentes/FLZMA2/silesia/ooffice
zstd 1.5.7 -9,44.36,684.11,6152192,2854930,46.41,/mnt/IA_LAB/agentes/FLZMA2/silesia/ooffice
zstd 1.5.7 -19,3.16,522.32,6152192,2595003,42.18,/mnt/IA_LAB/agentes/FLZMA2/silesia/ooffice
brotli 1.2.0 -5,21.80,221.74,6152192,2850628,46.34,/mnt/IA_LAB/agentes/FLZMA2/silesia/ooffice
brotli 1.2.0 -11,0.37,184.49,6152192,2480176,40.31,/mnt/IA_LAB/agentes/FLZMA2/silesia/ooffice
xz 5.8.4 -6,2.92,58.21,6152192,2426816,39.45,/mnt/IA_LAB/agentes/FLZMA2/silesia/ooffice
xz 5.8.4 -9,2.76,57.80,6152192,2426816,39.45,/mnt/IA_LAB/agentes/FLZMA2/silesia/ooffice
bzip2 1.0.8 -9,11.40,22.89,6152192,2862526,46.53,/mnt/IA_LAB/agentes/FLZMA2/silesia/ooffice
zlib 1.3.2 -9,9.97,194.78,6152192,3092926,50.27,/mnt/IA_LAB/agentes/FLZMA2/silesia/ooffice
lizard 2.1 -20,229.19,1460.25,6152192,4198234,68.24,/mnt/IA_LAB/agentes/FLZMA2/silesia/ooffice
lz5-ex 1.5.1 -0,157.51,889.18,10192446,5322533,52.22,/mnt/IA_LAB/agentes/FLZMA2/silesia/dickens
lz5-ex 1.5.1 -1,514.80,1655.88,10192446,8375453,82.17,/mnt/IA_LAB/agentes/FLZMA2/silesia/dickens
lz5-ex 1.5.1 -2,299.18,1346.80,10192446,7156671,70.22,/mnt/IA_LAB/agentes/FLZMA2/silesia/dickens
lz5-ex 1.5.1 -3,236.46,1215.47,10192446,5886906,57.76,/mnt/IA_LAB/agentes/FLZMA2/silesia/dickens
lz5-ex 1.5.1 -4,112.46,1123.20,10192446,5437327,53.35,/mnt/IA_LAB/agentes/FLZMA2/silesia/dickens
lz5-ex 1.5.1 -5,100.27,1025.90,10192446,5230059,51.31,/mnt/IA_LAB/agentes/FLZMA2/silesia/dickens
lz5-ex 1.5.1 -6,40.31,1030.35,10192446,4827728,47.37,/mnt/IA_LAB/agentes/FLZMA2/silesia/dickens
lz5-ex 1.5.1 -7,37.39,1022.04,10192446,4749922,46.60,/mnt/IA_LAB/agentes/FLZMA2/silesia/dickens
lz5-ex 1.5.1 -8,36.68,1023.07,10192446,4729297,46.40,/mnt/IA_LAB/agentes/FLZMA2/silesia/dickens
lz5-ex 1.5.1 -9,22.35,1070.86,10192446,4445109,43.61,/mnt/IA_LAB/agentes/FLZMA2/silesia/dickens
lz5-ex 1.5.1 -10,14.52,1067.77,10192446,4276607,41.96,/mnt/IA_LAB/agentes/FLZMA2/silesia/dickens
lz5-ex 1.5.1 -11,8.75,882.19,10192446,4230317,41.50,/mnt/IA_LAB/agentes/FLZMA2/silesia/dickens
lz5-ex 1.5.1 -12,7.10,884.29,10192446,4165056,40.86,/mnt/IA_LAB/agentes/FLZMA2/silesia/dickens
lz5-ex 1.5.1 -13,3.53,906.96,10192446,4000074,39.25,/mnt/IA_LAB/agentes/FLZMA2/silesia/dickens
lz5-ex 1.5.1 -14,2.36,945.46,10192446,3759010,36.88,/mnt/IA_LAB/agentes/FLZMA2/silesia/dickens
lz5-ex 1.5.1 -15,2.09,969.85,10192446,3757924,36.87,/mnt/IA_LAB/agentes/FLZMA2/silesia/dickens
lz4 1.10.0,315.79,3155.28,10192446,6428742,63.07,/mnt/IA_LAB/agentes/FLZMA2/silesia/dickens
lz4hc 1.10.0 -9,17.06,2785.90,10192446,4432823,43.49,/mnt/IA_LAB/agentes/FLZMA2/silesia/dickens
zstd 1.5.7 -1,216.94,960.99,10192446,4261734,41.81,/mnt/IA_LAB/agentes/FLZMA2/silesia/dickens
zstd 1.5.7 -3,105.51,613.90,10192446,3663504,35.94,/mnt/IA_LAB/agentes/FLZMA2/silesia/dickens
zstd 1.5.7 -9,29.91,638.05,10192446,3282524,32.21,/mnt/IA_LAB/agentes/FLZMA2/silesia/dickens
zstd 1.5.7 -19,1.87,680.95,10192446,2849941,27.96,/mnt/IA_LAB/agentes/FLZMA2/silesia/dickens
brotli 1.2.0 -5,17.89,333.20,10192446,3381416,33.18,/mnt/IA_LAB/agentes/FLZMA2/silesia/dickens
brotli 1.2.0 -11,0.46,382.35,10192446,2852501,27.99,/mnt/IA_LAB/agentes/FLZMA2/silesia/dickens
xz 5.8.4 -6,1.66,113.05,10192446,2831676,27.78,/mnt/IA_LAB/agentes/FLZMA2/silesia/dickens
xz 5.8.4 -9,1.60,107.14,10192446,2830604,27.77,/mnt/IA_LAB/agentes/FLZMA2/silesia/dickens
bzip2 1.0.8 -9,11.10,26.23,10192446,2799520,27.47,/mnt/IA_LAB/agentes/FLZMA2/silesia/dickens
zlib 1.3.2 -9,11.17,274.92,10192446,3854735,37.82,/mnt/IA_LAB/agentes/FLZMA2/silesia/dickens
lizard 2.1 -20,203.41,1351.30,10192446,5687425,55.80,/mnt/IA_LAB/agentes/FLZMA2/silesia/dickens
lz5-ex 1.5.1 -0,229.15,1052.46,51220480,23037105,44.98,/mnt/IA_LAB/agentes/FLZMA2/silesia/mozilla
lz5-ex 1.5.1 -1,507.83,1628.76,51220480,28058932,54.78,/mnt/IA_LAB/agentes/FLZMA2/silesia/mozilla
lz5-ex 1.5.1 -2,431.15,1576.53,51220480,26088930,50.93,/mnt/IA_LAB/agentes/FLZMA2/silesia/mozilla
lz5-ex 1.5.1 -3,365.23,1427.91,51220480,24556039,47.94,/mnt/IA_LAB/agentes/FLZMA2/silesia/mozilla
lz5-ex 1.5.1 -4,185.32,1210.54,51220480,21766416,42.50,/mnt/IA_LAB/agentes/FLZMA2/silesia/mozilla
lz5-ex 1.5.1 -5,124.43,1092.58,51220480,21068164,41.13,/mnt/IA_LAB/agentes/FLZMA2/silesia/mozilla
lz5-ex 1.5.1 -6,46.04,1218.17,51220480,20270164,39.57,/mnt/IA_LAB/agentes/FLZMA2/silesia/mozilla
lz5-ex 1.5.1 -7,45.37,1148.84,51220480,19839538,38.73,/mnt/IA_LAB/agentes/FLZMA2/silesia/mozilla
lz5-ex 1.5.1 -8,36.37,1041.34,51220480,19684565,38.43,/mnt/IA_LAB/agentes/FLZMA2/silesia/mozilla
lz5-ex 1.5.1 -9,25.36,1098.11,51220480,19247264,37.58,/mnt/IA_LAB/agentes/FLZMA2/silesia/mozilla
lz5-ex 1.5.1 -10,18.64,1091.09,51220480,19036277,37.17,/mnt/IA_LAB/agentes/FLZMA2/silesia/mozilla
lz5-ex 1.5.1 -11,12.87,988.82,51220480,18607214,36.33,/mnt/IA_LAB/agentes/FLZMA2/silesia/mozilla
lz5-ex 1.5.1 -12,11.32,1072.39,51220480,18471501,36.06,/mnt/IA_LAB/agentes/FLZMA2/silesia/mozilla
lz5-ex 1.5.1 -13,6.26,1072.96,51220480,18339885,35.81,/mnt/IA_LAB/agentes/FLZMA2/silesia/mozilla
lz5-ex 1.5.1 -14,4.78,1030.75,51220480,18180937,35.50,/mnt/IA_LAB/agentes/FLZMA2/silesia/mozilla
lz5-ex 1.5.1 -15,3.06,994.33,51220480,18331459,35.79,/mnt/IA_LAB/agentes/FLZMA2/silesia/mozilla
lz4 1.10.0,502.58,2697.57,51220480,26435667,51.61,/mnt/IA_LAB/agentes/FLZMA2/silesia/mozilla
lz4hc 1.10.0 -9,29.71,2832.56,51220480,22078791,43.11,/mnt/IA_LAB/agentes/FLZMA2/silesia/mozilla
zstd 1.5.7 -1,326.77,949.31,51220480,19968503,38.99,/mnt/IA_LAB/agentes/FLZMA2/silesia/mozilla
zstd 1.5.7 -3,154.59,759.51,51220480,18227296,35.59,/mnt/IA_LAB/agentes/FLZMA2/silesia/mozilla
zstd 1.5.7 -9,50.47,694.58,51220480,16665339,32.54,/mnt/IA_LAB/agentes/FLZMA2/silesia/mozilla
zstd 1.5.7 -19,2.90,558.06,51220480,15065760,29.41,/mnt/IA_LAB/agentes/FLZMA2/silesia/mozilla
brotli 1.2.0 -5,29.09,303.24,51220480,16473409,32.16,/mnt/IA_LAB/agentes/FLZMA2/silesia/mozilla
brotli 1.2.0 -11,0.36,247.75,51220480,14075673,27.48,/mnt/IA_LAB/agentes/FLZMA2/silesia/mozilla
xz 5.8.4 -6,2.76,88.48,51220480,13577856,26.51,/mnt/IA_LAB/agentes/FLZMA2/silesia/mozilla
xz 5.8.4 -9,2.45,88.54,51220480,13374160,26.11,/mnt/IA_LAB/agentes/FLZMA2/silesia/mozilla
bzip2 1.0.8 -9,12.88,32.60,51220480,17914392,34.98,/mnt/IA_LAB/agentes/FLZMA2/silesia/mozilla
zlib 1.3.2 -9,6.60,286.71,51220480,19044396,37.18,/mnt/IA_LAB/agentes/FLZMA2/silesia/mozilla
lizard 2.1 -20,319.51,1661.97,51220480,26281216,51.31,/mnt/IA_LAB/agentes/FLZMA2/silesia/mozilla
lz5-ex 1.5.1 -0,261.11,1622.10,10085684,4528860,44.90,/mnt/IA_LAB/agentes/FLZMA2/silesia/osdb
lz5-ex 1.5.1 -1,599.80,2213.55,10085684,5727179,56.79,/mnt/IA_LAB/agentes/FLZMA2/silesia/osdb
lz5-ex 1.5.1 -2,423.49,2222.44,10085684,5225774,51.81,/mnt/IA_LAB/agentes/FLZMA2/silesia/osdb
lz5-ex 1.5.1 -3,392.49,2092.27,10085684,4657162,46.18,/mnt/IA_LAB/agentes/FLZMA2/silesia/osdb
lz5-ex 1.5.1 -4,197.03,1645.60,10085684,4766087,47.26,/mnt/IA_LAB/agentes/FLZMA2/silesia/osdb
lz5-ex 1.5.1 -5,142.71,1587.72,10085684,4398969,43.62,/mnt/IA_LAB/agentes/FLZMA2/silesia/osdb
lz5-ex 1.5.1 -6,58.73,1751.52,10085684,4324378,42.88,/mnt/IA_LAB/agentes/FLZMA2/silesia/osdb
lz5-ex 1.5.1 -7,55.05,1570.39,10085684,4223904,41.88,/mnt/IA_LAB/agentes/FLZMA2/silesia/osdb
lz5-ex 1.5.1 -8,38.09,1556.12,10085684,4129899,40.95,/mnt/IA_LAB/agentes/FLZMA2/silesia/osdb
lz5-ex 1.5.1 -9,24.23,1746.91,10085684,3918521,38.85,/mnt/IA_LAB/agentes/FLZMA2/silesia/osdb
lz5-ex 1.5.1 -10,19.68,1785.74,10085684,3857132,38.24,/mnt/IA_LAB/agentes/FLZMA2/silesia/osdb
lz5-ex 1.5.1 -11,14.71,1364.09,10085684,4131574,40.96,/mnt/IA_LAB/agentes/FLZMA2/silesia/osdb
lz5-ex 1.5.1 -12,11.48,1359.06,10085684,4097317,40.63,/mnt/IA_LAB/agentes/FLZMA2/silesia/osdb
lz5-ex 1.5.1 -13,5.57,1451.84,10085684,3961301,39.28,/mnt/IA_LAB/agentes/FLZMA2/silesia/osdb
lz5-ex 1.5.1 -14,3.34,1695.67,10085684,3760085,37.28,/mnt/IA_LAB/agentes/FLZMA2/silesia/osdb
lz5-ex 1.5.1 -15,2.76,1723.50,10085684,3761501,37.30,/mnt/IA_LAB/agentes/FLZMA2/silesia/osdb
lz4 1.10.0,499.68,3642.76,10085684,5256666,52.12,/mnt/IA_LAB/agentes/FLZMA2/silesia/osdb
lz4hc 1.10.0 -9,45.28,4099.46,10085684,3977505,39.44,/mnt/IA_LAB/agentes/FLZMA2/silesia/osdb
zstd 1.5.7 -1,350.02,1077.61,10085684,3729819,36.98,/mnt/IA_LAB/agentes/FLZMA2/silesia/osdb
zstd 1.5.7 -3,149.64,722.14,10085684,3501457,34.72,/mnt/IA_LAB/agentes/FLZMA2/silesia/osdb
zstd 1.5.7 -9,34.83,1036.03,10085684,3342529,33.14,/mnt/IA_LAB/agentes/FLZMA2/silesia/osdb
zstd 1.5.7 -19,2.48,1082.41,10085684,3100173,30.74,/mnt/IA_LAB/agentes/FLZMA2/silesia/osdb
brotli 1.2.0 -5,28.55,415.11,10085684,3298268,32.70,/mnt/IA_LAB/agentes/FLZMA2/silesia/osdb
brotli 1.2.0 -11,0.56,346.02,10085684,2825345,28.01,/mnt/IA_LAB/agentes/FLZMA2/silesia/osdb
xz 5.8.4 -6,2.29,96.80,10085684,2850104,28.26,/mnt/IA_LAB/agentes/FLZMA2/silesia/osdb
xz 5.8.4 -9,2.12,95.89,10085684,2849908,28.26,/mnt/IA_LAB/agentes/FLZMA2/silesia/osdb
bzip2 1.0.8 -9,12.39,29.88,10085684,2802792,27.79,/mnt/IA_LAB/agentes/FLZMA2/silesia/osdb
zlib 1.3.2 -9,23.10,326.63,10085684,3673177,36.42,/mnt/IA_LAB/agentes/FLZMA2/silesia/osdb
lizard 2.1 -20,296.79,1911.09,10085684,4683418,46.44,/mnt/IA_LAB/agentes/FLZMA2/silesia/osdb
