codec,orig,csize,ratio,enc_mbs,dec_mbs,files
lz5-ex 1.5.1 -0,211938580,88218423,41.625,238.15,676.74,12
lz5-ex 1.5.1 -1,211938580,113525877,53.565,500.71,1504.32,12
lz5-ex 1.5.1 -2,211938580,104073879,49.106,407.67,1383.71,12
lz5-ex 1.5.1 -3,211938580,95574729,45.095,307.48,1182.45,12
lz5-ex 1.5.1 -4,211938580,86505387,40.816,168.63,943.34,12
lz5-ex 1.5.1 -5,211938580,84455921,39.849,128.62,775.19,12
lz5-ex 1.5.1 -6,211938580,80576517,38.019,47.00,946.55,12
lz5-ex 1.5.1 -7,211938580,78856564,37.207,43.66,888.63,12
lz5-ex 1.5.1 -8,211938580,77999308,36.803,39.94,827.20,12
lz5-ex 1.5.1 -9,211938580,74233427,35.026,26.58,797.56,12
lz5-ex 1.5.1 -10,211938580,72273640,34.101,20.10,770.60,12
lz5-ex 1.5.1 -11,211938580,71067136,33.532,14.80,761.84,12
lz5-ex 1.5.1 -12,211938580,69498052,32.792,11.28,769.46,12
lz5-ex 1.5.1 -13,211938580,68066924,32.116,6.39,747.08,12
lz5-ex 1.5.1 -14,211938580,65938065,31.112,4.49,713.96,12
lz5-ex 1.5.1 -15,211938580,65595195,30.950,2.10,711.32,12
lz4 1.10.0,211938580,100880147,47.599,533.20,3586.23,12
lz4hc 1.10.0 -9,211938580,77884211,36.748,28.47,3459.08,12
zstd 1.5.7 -1,211938580,73229468,34.552,348.28,1176.93,12
zstd 1.5.7 -3,211938580,66137723,31.206,167.56,823.72,12
zstd 1.5.7 -9,211938580,59081628,27.877,52.20,818.37,12
zstd 1.5.7 -19,211938580,52891946,24.956,2.80,765.56,12
brotli 1.2.0 -5,211938580,59553197,28.099,33.49,401.29,12
brotli 1.2.0 -11,211938580,50328370,23.747,0.51,366.93,12
xz 5.8.4 -6,211938580,49408824,23.313,2.96,111.86,12
xz 5.8.4 -9,211938580,48795480,23.023,2.58,112.24,12
bzip2 1.0.8 -9,211938580,54506769,25.718,11.14,33.26,12
zlib 1.3.2 -9,211938580,67643273,31.916,10.97,330.01,12
lizard 2.1 -20,211938580,96927713,45.734,321.31,1770.71,12
